test,predict
3.6432222219999995,3.5714703
3.383777778,3.5935388
3.339777778,3.581543
4.044,3.5722528
3.680888889,3.6017287
3.424777778,3.4779053
3.466111111,3.3488832
3.470333333,3.1559887
3.522222222,3.2269676
3.398666667,3.293007
3.265777778,3.3805118
3.177222222,3.305302
3.268555556,3.3244982
3.263222222,3.308113
3.061888889,3.1956856
3.212666667,3.1959634
3.219111111,3.061439
3.1401111110000004,2.9645026
3.081222222,3.0872111
3.1951111110000006,2.9910846
3.164777778,2.8389926
3.287888889,2.8476398
3.361111111,2.8268688
