test,predict
3.439888889,3.9172719
3.566666667,3.908738
3.6527777780000004,3.9119747
4.180555556,3.902666
3.887,3.8083496
3.747111111,3.4072282
3.7238888889999995,3.221817
3.6333333329999995,3.2101548
3.439555556,3.075734
3.402666667,3.2203114
3.162777778,3.1183774
3.145888889,3.2447884
3.336222222,3.2885165
3.028777778,3.2955809
2.881555556,3.186321
2.794666667,3.1182573
2.818555556,3.1126707
2.762222222,3.0415401
2.901111111,3.0575747
2.9221111109999995,3.0012574
2.893666667,3.1096458
2.941111111,3.258646
2.9066666670000005,3.541108
