test,predict
4.449555556,3.816229
4.023333333,3.6527762
3.948444444,3.4875717
3.3478888890000005,3.3941658
3.348,3.489702
3.424,3.5610294
3.420888889,3.2728982
3.226666667,3.1288638
3.051333333,3.2760715
3.029444444,3.2986364
3.196555556,3.2554321
3.096888889,3.1152613
3.162777778,3.075806
3.1025555559999995,3.1065927
3.053555556,3.0188942
3.005888889,3.0443366
3.043444444,3.205168
3.149888889,3.2486255
3.121888889,3.1583602
3.016777778,3.166726
3.085555556,3.2523036
3.0960000000000005,3.1400774
2.971333333,2.9873674
