test,predict
3.439888889,3.6908388
3.566666667,3.6404557
3.6527777780000004,3.6423066
4.180555556,3.8712177
3.887,3.7801313
3.747111111,3.4868898
3.7238888889999995,3.3225026
3.6333333329999995,3.312026
3.439555556,3.237552
3.402666667,3.2888465
3.162777778,3.1827705
3.145888889,3.1324031
3.336222222,3.2153373
3.028777778,3.3484848
2.881555556,3.2774985
2.794666667,3.331752
2.818555556,3.1904511
2.762222222,3.0705674
2.901111111,3.0523396
2.9221111109999995,2.9019291
2.893666667,2.9893374
2.941111111,3.1948276
2.9066666670000005,3.5169077
