test,predict
3.594333333,3.737987
3.756555556,3.556438
3.578666667,3.5001624
3.8262222219999997,3.5677857
3.568,3.6183574
3.4548888889999994,3.4440157
3.328888889,3.3273005
3.435555556,3.4339476
3.204111111,3.3787744
3.068444444,3.4322824
3.132333333,3.31427
3.177444444,3.1966457
3.168111111,3.1901286
3.5284444439999993,3.2367313
3.7358888889999995,3.211716
3.756444444,3.5405684
3.478,3.331114
3.491555556,3.364553
2.904555556,3.270605
2.812444444,3.0452275
2.623222222,2.941607
2.786333333,2.9947274
2.687777778,2.9800348
