test,predict
3.439888889,3.7168157
3.566666667,3.7475224
3.6527777780000004,3.7924051
4.180555556,3.7136133
3.887,3.6059172
3.747111111,3.4063828
3.7238888889999995,3.1919975
3.6333333329999995,3.1972516
3.439555556,3.221289
3.402666667,3.3397143
3.162777778,3.297838
3.145888889,3.2596576
3.336222222,3.3241827
3.028777778,3.3326776
2.881555556,3.185348
2.794666667,3.1768787
2.818555556,3.1318834
2.762222222,2.9791498
2.901111111,3.0792294
2.9221111109999995,2.993133
2.893666667,2.9952297
2.941111111,3.1331697
2.9066666670000005,3.6406891
